24,1,OHS 008 Respectful College Community _ Loyalist College,"",0,"",2024-07-23 10:30:59.821008,assets/pdf/a8e19e86440f5f3036d286d6e95e22c1.pdf
25,1,Research Data Management Strategy _ Loyalist College,"",0,"",2024-07-23 10:37:02.137213,assets/pdf/49289ead20eedb7f825c3393ee203034.pdf
26,1,Sexual Assault & Sexual Violence _ Loyalist College,"",0,"",2024-07-23 10:37:35.710026,assets/pdf/183cda769eb34213f42c7f2da26d4333.pdf
27,1,STUD 204 Fit to Learn _ Loyalist College,"",0,"",2024-07-23 10:38:02.159382,assets/pdf/4e44f7e8cf13571d5b2ca8ad66b7d0c4.pdf
28,1,Student Code of Conduct _ Loyalist College,"",0,"",2024-07-23 10:38:39.537776,assets/pdf/2ed1191d0a60e4f0d0ba2cd45e0ef25a.pdf
29,1,AOP 200 Accommodation for Religious Observance,"",0,"",2024-07-23 10:52:51.42614,assets/pdf/0ea0453a4a765527302d062f0782427d.pdf
31,1,AOP 201 Code of Conduct_ Academic Employees ,"",0,"",2024-07-23 11:07:27.998383,assets/pdf/d530fc75512458ee2c38572dd578b520.pdf
32,1,AOP 202 Planned Cancellation of Classes,"",0,"",2024-07-23 11:18:33.014319,assets/pdf/f1e971379f583b8fe67e8e5104355515.pdf
33,1,AOP 206 Copyright Ownership,"",0,"",2024-07-23 11:19:04.263096,assets/pdf/7479461e2838f8c707a88189ddb0c4bd.pdf
34,1,AOP 208 Academic Timetables ,"",0,"",2024-07-23 11:19:24.33823,assets/pdf/ee3e383c02eb4264233779c136bc18d3.pdf
35,1,"AOP 212 Program of Study Development, Renewal and Change Policy ","",0,"",2024-07-23 11:20:20.206963,assets/pdf/fdc6f82725ff8b47ff0152ade72738cd.pdf
36,1,AOP 213 Academic Coordinators,"",0,"",2024-07-23 11:20:53.667479,assets/pdf/94cc0dbc6161554e67b0d36b5d9b9eb0.pdf
37,1,AOP 216 Academic Integrity _ Loyalist College,"",0,"",2024-07-24 09:14:29.901068,assets/pdf/0a323ccb2f4ace4e3b690cdd69aa24a1.pdf
39,1,AOP 218 Academic Freedom,"",0,"",2024-07-25 08:42:21.562206,assets/pdf/a0712ca6985ebcc1ae90666aa0e9da06.pdf
40,1,AOP 219 Program Quality Assurance,"",0,"",2024-07-25 08:42:42.49316,assets/pdf/4f2273616216467522e95e18871d67f3.pdf
41,1,AOP 220 Integrity in Research and Scholarship,"",0,"",2024-07-25 08:43:54.481739,assets/pdf/c5bc8ebbf4d21a57ed8e9c775993e405.pdf
42,1,"AOP 221 Prior Learning Assessment and Recognition, Transfer Credit_Advanced Standing, Articulation Agreements and Exemption","",0,"",2024-07-25 08:48:56.132324,assets/pdf/41c71f5191dd50b27d3323ea582a54b3.pdf
43,1,AOP 224 Evaluation of Student Performance,"",0,"",2024-07-25 08:49:44.467802,assets/pdf/9b534b6e32a260d0dd63c44476d1b794.pdf
44,1,AOP 225 Post-Secondary Registration and Graduation,"",0,"",2024-07-25 08:50:18.750282,assets/pdf/094364746e0f22bd733d33df4ac3c0d0.pdf
45,1,AOP 226 Admissions,"",0,"",2024-07-25 08:52:24.729337,assets/pdf/5d7671f87cfea6faf60abe43c711ea8b.pdf
46,1,AOP 230 Student Participation in Formal College Activities ,"",0,"",2024-07-25 08:53:23.176877,assets/pdf/66f25ca4bb79e0af338e562fb1c17856.pdf
47,1,AOP 231 Academic Appeal Process,"",0,"",2024-07-25 08:53:52.749518,assets/pdf/050a6cbaec7f86cf45cdf28f3dc5efc4.pdf
48,1,AOP 234 Accommodation of Students at Risk_ Leaves of Absence from Academics and_or Residence,"",0,"",2024-07-25 08:54:18.208862,assets/pdf/a2a8ee8ca38e2f7aebdc595489f5ffba.pdf
49,1,AOP 235 Intellectual Property,"",0,"",2024-07-25 08:54:50.344828,assets/pdf/f5a9e81e04969ef4cee85dff580f866f.pdf
50,1,AOP 236 International Travel and Safety - Students,"",0,"",2024-07-25 08:55:55.095076,assets/pdf/0e11181cf446fa5351a17ce363ce833e.pdf
51,1,AOP 237 Student Learning Experience Survey,"",0,"",2024-07-25 08:56:21.725054,assets/pdf/03a5c8e055be8eace9eefca81d2fefdc.pdf
52,1,AOP 238 Surveys,"",0,"",2024-07-25 08:56:46.857112,assets/pdf/fc651eaf265451429c806f69011a7ea7.pdf
53,1,AOP 241 Non-core_Breadth Curriculum,"",0,"",2024-07-25 08:57:47.337853,assets/pdf/23dc1ff5d1b6123644892a978c5700b9.pdf
54,1,AOP 243 Co-operative Education Programs,"",0,"",2024-07-25 08:58:18.857494,assets/pdf/47b8e19ef0827c51f5cdbce0e0e4930c.pdf
55,1,EXT 102 Fundraising Prospect Clearance Policy,"",0,"",2024-07-25 09:00:37.16251,assets/pdf/8d0a69f714f1cb5ccb8d6a341057794d.pdf
56,1,FIN 504 Business Expense Reimbursements Policy,"",0,"",2024-07-25 09:01:12.63022,assets/pdf/40edc33f3763248d69ae5afd311cd91c.pdf
57,1,FIN 515 Financial Administration of Research Funds ,"",0,"",2024-07-25 09:02:18.926343,assets/pdf/4de217e9ce35b5100a761e99e6ca1b51.pdf
58,1,HR 121 Hiring for Indigenous Designated Positions,"",0,"",2024-07-25 09:03:07.156082,assets/pdf/e57421446d64a25b6d87425eb0d3a6a9.pdf
59,1,HR-132-Full-Time-Faculty-Development-and-Evaluation-Process-FINAL,"",0,"",2024-07-25 09:03:36.654319,assets/pdf/2f2726854cc8b303b8f696253442ba40.pdf
60,1,ACAD 105 Advisory Committees ,"",0,"",2024-07-25 09:04:13.872641,assets/pdf/31901f33ef16c7edd67ce6d86354273c.pdf
61,1,Academic Freedom Statement ,"",0,"",2024-07-25 09:05:01.410103,assets/pdf/bd15605159eafdcf5f1c548ab6dc9f66.pdf
62,1,Academic Operating Policy_ General Education ,"",0,"",2024-07-25 09:05:17.697552,assets/pdf/46c7481687c683c3e579ac0f86fb7654.pdf
63,1,ADMIN 102 Smoke-Free Campus ,"",0,"",2024-07-25 09:05:39.616215,assets/pdf/3489d013c5c8d433f695bcba247544ef.pdf
64,1,ADMIN 105 Closing of the College ,"",0,"",2024-07-25 09:06:21.475545,assets/pdf/9135aaa6626cd5292648a1dc98abf5bd.pdf
65,1,ADMIN 122 Service & Support Animals on Campus ,"",0,"",2024-07-25 09:07:10.233474,assets/pdf/8c472aa67da6e537c9703766c6c87703.pdf
66,1,ADMIN 123 Commercialization,"",0,"",2024-07-25 09:07:51.916905,assets/pdf/50375ced93fa49b0e862a9f0391a5a3c.pdf
67,1,ADMIN 124 International Student Recruitment Agent Management,"",0,"",2024-07-25 09:08:58.548061,assets/pdf/0c8cb81b4ccd4a7c3e901ff20d7ad432.pdf
68,1,ADMIN 126 Including Indigenous Knowledge and Community Members in College Activities,"",0,"",2024-07-25 09:09:52.761187,assets/pdf/3ce601ec20de48f03408a66aed5e0113.pdf
